Workbook

Sheet 소간지
A15: 가 축 도 공

Sheet 간지(가축도)
A8: 가 축 도

Sheet 가축도집계
A1: 가축도수량 집계표
A2: 공 종 | B2: 규 격 | E2: 단위 | F2: 수 량 | G2: 합 계 | H2: 비 고
A4: 흙쌓기 및 헐기 | B4: 가도공 | E4: m3 | F4: =갈전7교!Y21 -> 242 | G4: =SUM(F4:F4) -> 242
A5: P.P마대 쌓기 및 헐기 | B5: 가도공 | E5: EA | F5: =갈전7교!Y28 -> 114 | G5: =SUM(F5:F5) -> 114
A6: 유용토 | B6: 본선 유용 (80%) | E6: m3 | F6: =갈전7교!Y32 -> 38.5 | G6: =SUM(F6:F6) -> 38.5
A7: 가배수관 설치 및 철거 | B7: Φ1000mm | E7: m | F7: =갈전7교!Y50 -> 33 | G7: =SUM(F7:F7) -> 33
E8: 본 | F8: =갈전7교!Y52 -> 13.2 | G8: =SUM(F8:F8) -> 13.2 | H8: (2.5m/본)
A9: 복구 및 유지보수비 | E9: m3 | F9: =F4 -> 242 | G9: =SUM(F9:F9) -> 242

Sheet 갈전7교
A2: 공 종 | B2: 산 출 근 거 | Y2: 수 량
A4: 가도 단면제원 | C4: ○ 가도토공 단면도
E5: 가도 평균높이 = | J5: ( | K5: 2 | M5: ~ | N5: 2 | P5: ) = | R5: =(K5+N5)/2 -> 2
Q6: 가도 연장 = | U6: 11 | W6: m
M7: =M9+I9+P9 -> 8
I9: 0.5 | M9: 7 | P9: =I9 -> 0.5
E12: 2 | S12: 1.5
M16: =M7+E12*S12*2 -> 14
A20: 흙쌓기 및 철거 | C20: ○ 성토 토사 | Z20: m3
A21: (가도) | C21: ( | D21: =M7 -> 8 | F21: ＋ | G21: =M16 -> 14 | I21: ) | J21: 2 | L21: × | M21: =E12 -> 2 | O21: × | P21: =U6 -> 11 | U21: = | V21: =ROUND((D21+G21)/J21*M21*P21,3) -> 242 | Y21: =ROUND(SUM(V20:V23),2) -> 242
A25: 마대쌓기 및 헐기 | Z25: m2
A26: (가도) | C26: =E12*S12 -> 3 | E26: 2＋ | F26: =E12 -> 2 | H26: 2× | I26: 1 | J26: × | K26: =U6 -> 11 | M26: × | N26: 2 | U26: = | V26: =ROUND(SQRT(C26^2+F26^2)*I26*K26*N26,3) -> 79.322 | Y26: =V26 -> 79.322
Z27: EA
C28: =C26 -> 3 | D28: =V26 -> 79.322 | G28: / | H28: 0.7 | J28: × | K28: =K26-10 -> 1 | M28: × | N28: 1 | U28: = | V28: =ROUNDUP(D28/H28,0) -> 114 | Y28: =V28 -> 114
A31: 유용토 | C31: ○ M.W.L이상 토량 본선유용 80% | Z31: m3
A32: (본선유용 80%) | C32: ( | D32: =M7 -> 8 | F32: ＋ | G32: =M7+M32*S12*2 -> 9.5 | I32: ) | J32: 2 | L32: × | M32: 0.5 | O32: × | P32: =P21 -> 11 | R32: × | S32: 0.8 | U32: = | V32: =ROUND((D32+G32)/J32*M32*P32*S32,3) -> 38.5 | Y32: =ROUND(SUM(V31:V47),2) -> 38.5
A49: 가배수관 | C49: ○ Φ1000mm | Z49: m
A50: 설치 및 철거 | D50: - 하천방향에 따라 사방향길이로 계산함. | Y50: =ROUND(SUM(V49:V53),2) -> 33
A51: (흄관) | D51: 11 | F51: m/ea | H51: × | I51: 3 | U51: = | V51: =ROUND(D51*I51,3) -> 33 | Z51: 본
U52: (2.5m/본) | Y52: =ROUND(Y50/2.5,1) -> 13.2
